STT,Wallet,Matches
1,0x6edc0287b5abaa9C62C7288648fA01C6F4ed987c ,372
2,0xBcB2db4a3C5Bc6f01FB6B55f9797aE7671Ac6740 ,303
3,0x3d4A501C012b945f604eEe8FE0768Ac57F6E7F7B ,222
4,0x7c2715C2fd5962b5E0ead69DD9756a3D52Fc39bf ,186
5,0xDF5aa54bC10b6Bc723Cf818d033C398e16689235 ,176
6,0xB3f329F51c0264779165062963Cbf277DCc07df2 ,142
7,0xf82929Fb311DB76415b007Bc8041e020a7a5f2CB ,134
8,0x572d2Ba43fb2cd4Bb8A66a56Ee1b660DC37ea4A7 ,125
9,0x4aB01382a091F78B1fD366f23b64c809B28703B9 ,125
10,0x0A28e4687C7105307747D2D71EC84bE24017cd52 ,124
11,0xb619Fc8831a9554E541E33b1AFd541F0996E5EEf ,121
12,0xdBD6d8923A0B3662F7FFEA3E6Af58323dFF4d34C ,119
13,0x9dbe3d268016B421e0bEFEdC51E2e0020948e01a ,116
14,0x94786600D7e942dE7Cea0012f8108D32D110847C ,113
15,0xFA2cd85d1A73A769CA9FB6105008A578866e174a ,111
16,0xfb1FCeb4A892A621F015B15cAC529051dADA9ac8 ,106
17,0x47d6Cbac395232e1a99A3A5005Bc793594931A30 ,100
18,0xC0B56804f01919A4896768ac8Fc83dBC57fC535C ,93
19,0x414a194B6236e2434FF8efeE5d3dab09B6c78796 ,91
20,0xbFAc30075F90EE5e9A5a745c14dda9681a25C498 ,88
21,0xcBA698446afBEA0BDa84b7E33DF028C448764ffE ,85
22,0x22f4eA342Afb24F68bBCF61FEBE069b1B43C4d37 ,79
23,0x48B70467dE5E90F24E8cD6f15F665e199BD8fb9a ,77
24,0x7D3Fdcb9f7267f0aA7DCC0ED6d85CC3211faF0CA ,74
25,0x645Bb4815cF3A8b6BE7ADF459Ab3BF12AE22e64B ,73
26,0xeDad898c77A0dC9167C93bF2bEfd65DbBC0aEF8a ,69
27,0x6E5bCC3015B54E482f2609c144F7dA547162e967 ,69
28,0x0B5a2561F86C5614Ee28ba91AC5Dd5795aB4d1E1 ,68
29,0xDc3fa108023E2A4EBE27F1dE53FC96377d41f150 ,65
30,0x418228cEF6b8B8183FD023CF75DC19204a1924c2 ,65
31,0xA9Eed7F8a4Cc3B355Cfbd9b48Fb38c416c00E673 ,65
32,0xf353BBF1b891C5372c6fc541e65Aa5b631807e47 ,64
33,0x20F14C499b9810DCfDfe0A51529F83a0F19b6b33 ,63
34,0xa106ef65B3079470103eA3FC577bd2Cb06EfD03f ,62
35,0x369811b17d5309f08b62e1F0f216f1245FcB964D ,62
36,0x7fB704626Ca87d181866b53c0907f8d6E86DB091 ,61
37,0x862B24816782a774970ef1C7923B5eac703De914 ,61
38,0xA4EB964693C57AF37482b015d045e5CE3d727F4c ,60
39,0xBf9d84362ACC192E261d68cD38f6A980Dd14333f ,59
40,0x09b4b82C49C90f0cc6B3437561586D1Ee4D6ecd0 ,59
41,0xD0B74BAE747a7756644B1f453577449055693A6c ,59
42,0xe9043cB68B1E2E4b01Fe74A0461B92Bf2cB06F3a ,59
43,0x2253f46cEcc74eBeEa0C17b431F5A7D659211Fa5 ,59
44,0xb21C0398b77c2de4D6376B275d951F30cf11ad80 ,59
45,0xa7ea65F860C62cda119d701Db519Dfc819292805 ,58
46,0xb9ff6a5B60d359eC241249A3216093BBC7709B98 ,58
47,0xD59548A80Fd15B975186aeE6e86b5E745a27079b ,58
48,0x57abd2857B379403827f188519B57B2D6abae703 ,57
49,0x92122d601a4680e15D77c18d829118bF3545D7A4 ,57
50,0x3ebC16A37cC7836c198f52c8502b415B94683843 ,57
51,0xAAb8c8254C9e2A6c684C94BcD82CD62FDC645B48 ,57
52,0x5f38762b4C4C1110d7dd41E49eD20d45cd714510 ,54
53,0x1f34B723970e6Fa245bc8285B2350f14A30D62C9 ,54
54,0xD732C638427Fb1030718C30ce3e71b63e9B49dc6 ,54
55,0xe9F80F22b9D62873489613d2A4B2FbA5c96038cA ,53
56,0x5d235cE5b3D2c6b6c0AaAE3A6E5e66fc2BD3ada5 ,53
57,0x15603eE66225D4B290D1dC4F3Dce647225fBE234 ,52
58,0x1E1cB51AC1cA693380569a0f2460995B9F9A5D82 ,52
59,0x7c972718bBe9b32538B0af533eD0B53B621d2674 ,52
60,0xF41Ae6029a12685Bbd0C53EC96F2e5BABE2efc3e ,52
61,0xcb78Dff22130E0776892e125c0faAA4293e7E791 ,52
62,0x47998386FE67241BC8991698f747a945d5D216AB ,52
63,0x7c524C2bEB39dd7BAC586ca2596105762426Ec77 ,52
64,0xAf7B4CFB0CebFBd11C9CAbD7434C7aeEE15FF125 ,51
65,0x38A0Ca780Ea2225B070768E2984843A70cC79128 ,51
66,0xF0738A07d8bD973AAcB54cd08537f71494aF8D6f ,51
67,0xc31879733c7a1Fa4738E1d6E1e0633104Bdf6872 ,50
68,0xB3e6DEEC4baec05c143EFCEe7d5DF703FC4f72E3 ,50
69,0xe19daC0014cF90D5E60A181d957Aea9079a08DaE ,50
70,0xfd3df11e3e227A24e694F0b55DCe453a600767b9 ,50
71,0xD4C45581b900212A22d042c926F26478AE2Ae085 ,49
72,0xB78b8E5219393c2a4cc4E537aaf77B6a7e2Abd40 ,49
73,0x63e5374061d638642667b62aC3AA7F1D645600Ce ,49
74,0x43Fef7FDFFB7fba959036A6165a3899762904Ccc ,49
75,0x69564A772A25F2aD5205120E7aF47f005E462AA5 ,48
76,0x18e1af179C2433584a38a794E4D71374099421C8 ,47
77,0xA193638e5C90F172793e94Aea3C00CA50CE7Bd3D ,47
78,0x583B1B4aFA598096F9fcB1C49aFCEd78b5a10A88 ,47
79,0x913fb62de490e4A2381670B55e05Ce519700f7a9 ,47
80,0x2c25B427a39D0348F448d6e0f7b3B2a4E563B2aE ,47
81,0x6515b2D723d6B91D16dc77110bC9553Fd999A8bE ,46
82,0xbAe58b858a101a040785C7324D38Cc18c5F92774 ,46
83,0x9787a0e4d319363A9182B7d846f264B8CeFa859D ,45
84,0xEa2a79Eb99AceE68b576a5c8a7CebE5c3370DA64 ,45
85,0x883c4Beaf5D001426d41681510f71820B96891fd ,45
86,0x86170E9f5FD7Fd05C53360c7773F83872A0c4FFe ,45
87,0xE0C5659283D1546F08208e0d8FBb8C95d84C8673 ,45
88,0x351f0473c72478286f844147f85822b3A350Cd5d ,45
89,0x8E8659d68641c95566956a0A7711caE9fB7883F4 ,44
90,0x7fEBf6D9d5D5305fa85B5E8e41436fa4Fd45C82c ,44
91,0x2F43c6714664e24347ACA6A7b68Ca35330111999 ,44
92,0xdEe3Df9ED1C8ee5D5150724001E0F6466c320bD0 ,43
93,0xfb667BFb3a55099B45688355CCf06eDe7306Ce91 ,42
94,0x24bbF22E96D4954aa3B8Dc7D560E185f9D97505f ,41
95,0xCcDB93DB8c9B5Ebf1b42126C6D1cD5b5C9452136 ,41
96,0x73A9130E59b1Fdf31D21CBedA2C53D978D442300 ,41
97,0xDCcC31c49d1AA695dE283062cFe65B90a4B8Af19 ,41
98,0xD31a19c1BE8D133937FA2BdC0546C876674aBbEF ,41
99,0xc1f2347D2538B4c139f4bB3d6Aec1E26392008a8 ,41
100,0xc1447395e3F503b25933997Eb09bA19046093732 ,40
101,0xcdCC698dF76BA8AB0Bd5B5C2d0f9eaD247cdAb8b ,40
102,0x599433E63192653fa6bc9B123Fd9b2F6B3FB8F02 ,40
103,0xd830201AD9271d471Fd5a2d0E66be364721eBdd0 ,40
104,0xf6bbeFD72c344931eC3A33AFECaC135ec8fafB59 ,39
105,0x0fAB633a78bCC9eB2dE9d7D01f022ba6734dd01E ,39
106,0x1E2Eef4b67430A7c1E2063CfF09922FaF3d844c9 ,39
107,0x6a916c48edc50a8205a85f5471728Dd4DA8c923b ,38
108,0xDaB39cFB18225850904Ae8Ce41A9e0910347dE9A ,38
109,0x9773CCc12Ca83354bd8371080873E02d9b9DAc24 ,38
110,0xAd0a44680BceE8beAE17eEB0837c859F4280FEe2 ,38
111,0x33e467bac98E2F810df5e0B4c2554F3c10370EE3 ,38
112,0x12f4C0cf8C139A85f77f433C33d3fFe27D388699 ,37
113,0xf5655402863811532387ba9F754DdFd05fABb0eE ,36
114,0x30588d45ef68E829F3b25c12bdB84143c7d9cefc ,36
115,0xC8334999cBc7AcBfA9573C442e6e98D1e43F390A ,36
116,0x0297DC46De9D6204dB827ea8C7da4101122C1e00 ,35
117,0x350AA4B890bd27638e8583361F25B5f2030D6f2f ,35
118,0xFE3Bc1eb469C70BFB462A9E208826e990bB078C0 ,34
119,0x3dCe647829da00E8f065a7115ba51c786879D127 ,34
120,0xaC419d88eD44dd9354Cf3c85E7D41B521c3aF231 ,34
121,0x277840a49FB047a3031f3B966911D820179f1339 ,33
122,0xE58Fb7CB3Df6EB67ADA8E6FF5421F6A02b00f8Ed ,33
123,0x2D163a43fdA7329CA05F4a288ec58Cc5E0f053B4 ,33
124,0xF08800D32597825eF2423aD329b29B149fa90951 ,33
125,0x9ac3426b2576224B4D9A3180F1d2AabB7FfBE985 ,32
126,0x8D5d22a63DFB2DA3239f9bF745Cd76971B643f48 ,32
127,0xd5891720Fa06EF077A9f43a497cd999ac9246188 ,32
128,0x9f14b4Ca93786de1b89C33149ECC6E8904bea025 ,32
129,0x668d33AD98aAEF1470ae69Da57D92c1f53bd5091 ,32
130,0xfd6eB75eC45125311C2E64C046f4A0A993547AfA ,31
131,0x052F8FfEd283E4b103199230abCe93e42303cA4C ,31
132,0x54Cf664af6c4c2D7B70E1cBc5e8ff69525bC98Eb ,31
133,0x3B8ff84b3EDe8B75861529D25175674FE6b6Ff2F ,30
134,0x48F75Ff0E8cD4617C1724527411755dfbd89f999 ,30
135,0x56104577ED7b7529f96182F970d2CBc676c3A926 ,30
136,0x660a7D4756E735a626F210FbddC97ED07fa62aeC ,30
137,0x7D506aC93f45ff5a5a244c7FC5C89Abc4424bD88 ,29
138,0x67B2f3da5b4d168CFb24F2D44375cE8850C31b00 ,29
139,0xF7D1A0b151fF4Cf7dA4FAf1362e61401d409f052 ,28
140,0xA8108037bC6F7c3788878eC4f21b9A3608121995 ,28
141,0xEf34B798416EfE7a5980A37DbA427387D1c0Cc4D ,28
142,0x46808E74f92A46e4F4c7b144c87BA92b48D4b17f ,28
143,0x4CE1d763d8379C89dBfC58F23B7Db02007AaA7C4 ,27
144,0x24014c3FA894732e16aE94977A193d08641041ab ,27
145,0x2a3EfD35B85Ac5c34dD3375aD44e05dEB64D327A ,27
146,0x582e03368A5841b0CCB26ae6Bb513498C00840BB ,27
147,0x9bd68546e9d5Cd18abc9B08974bb81EbaCA2C84d ,27
148,0xF68eeD7FD65BA6Ed8Bf8b706aFae13b0f30AAc37 ,27
149,0x41450E63138C4EbD14A4D844Ae0EC8Ea8837CF6a ,27
150,0x6f4B751cCB1D3bb498E86F0373c29F6158b8e1D2 ,27
151,0x31f11Ab37D9E5fCc033e3F2bbd651Fc12AdB3D6D ,26
152,0x42e3925b4e7B6F4d36CE300B7BE0D37B0d999999 ,26
153,0x8beB2963674974A4829CEa8F450994B232Da7EE3 ,26
154,0x6A95bDb00a0cAAA6cA4658596BDbb0315C50394a ,26
155,0x331F6eDB0b6A90734Fc1d86B2b667808e63cd817 ,26
156,0x70Bc0dd6570e84f4bC1D328e6dc719fF09F962a6 ,26
157,0x943730AD38DE56370612AE1AB0A768BCccC0d289 ,26
158,0xe150921D27fC5F4FAC663ac4c336fB65201e78D2 ,26
159,0x0450F65aB2067B67F82b546AbaD7cA9daB43eD4C ,26
160,0x6D67644c43539f8Eb85f8fff211D83fe864Bc303 ,26
161,0x148156005C9C620782C059A18BA32A2b9278C748 ,26
162,0x2133d3a59a2e948d91864D2129B48e47d0C7d7dF ,26
163,0x320c7E62b4dBE8cF0bB7f67eEe7C5A263A382f0a ,25
164,0xcE05Fdf4a0d69c1104004757eE3B6245724c66b0 ,25
165,0x7dDCdB5b39B9f02fBEf5f44c8b7f5B2A77c95332 ,25
166,0x7c1F01e35aB2edA2Feba0026Cad8746d4d54989C ,25
167,0x7E0Eb3F176bCD1215F9D9AB8984e544f37538e88 ,24
168,0xfC76c344152241116B0104123c362faE0BD50143 ,24
169,0x4400041D0dccD83c55b0dB49d7E134273D94FBb2 ,24
170,0xbB5Ef920cCbfbD6826f46832eBf962c435e8CeE1 ,24
171,0x1eF9cA2aCd6963B149455D0A3523E1cB20666666 ,24
172,0xD495325D45e16eff97f3Ca10dD376C5F32Cf7507 ,23
173,0xDB0120e8f64CA393EA844F4ffD3C5623184b5b49 ,23
174,0xD9e13A48253B9872EE0B357100EF654EeC4E46ef ,23
175,0x9b7C7dB416e9598ED49201fAdB1B031b07D2B5dF ,23
176,0xdc59C8E5CD4f3d749d95f6E6F1A36a7114684A9F ,23
177,0x5f5b4B4f2429eba5BF5449C4058AB21c2988c0D2 ,23
178,0xdEd4F3B2fbF3bF990BB54424b1e8418Ff0685c63 ,23
179,0x648C4273C681Ba2E668F29Ac00124005b10D09CD ,22
180,0x0fCB423bd191Af1b47F529bA97fE2981F54De034 ,22
181,0x884aeC8abD6ec04DC1Fa52cB72Adc0214776E327 ,22
182,0xfd65247B7D13d272e9A19a30381ac7843A2B2824 ,22
183,0xb9A5C82b1E3F4A96a928A15daDbad36B5f278E5e ,22
184,0x60Ed964f868E0E7983e0ce4653Ba01d9E40d3AfD ,22
185,0x73bFe68096a239E4892A7B20E43E5c7F6fef4eD8 ,22
186,0x9f275cFE1eA64332B39CcccB2433AA2A6FeCA772 ,21
187,0x0B444416e071c877dA9581D295799f7cEAB2d0DE ,21
188,0xe76E808b5873445d9059a51C4626992F560BeF8C ,21
189,0xA7f7a858E51FA065534dB576C1Cb89392a705b7b ,21
190,0x9165ab79af3eeaf7abFd812AcE34732DDcEcC050 ,21
191,0xb494A3e3bC1947823c8170E9b9ac528eD7D54f20 ,21
192,0x93cB0859aa574340DAaC67136193edd1828583B3 ,21
193,0x35081AB0D49C17d7440b1Cc4966cf8d62b27f30c ,21
194,0xb1B850460F90c2b36057B3816F7E6E2396033d01 ,21
195,0xbc27D1C85033D3fab469B53A982B188838E0948f ,21
196,0xAff0b263B10Eef3baa9Be294526D9c354f0616e2 ,21
197,0x2965004bDA4755D62e30eDa3e874EBd224D9848f ,21
198,0x36BF801362695Ba51CB96dA42e688BD358423ab8 ,21
199,0x89c564f569ad1fCB62C29518Ee61EBeF0cA4dcA9 ,20
200,0x247B2A08bdA8504d0098aFc82BCF76Ef15104491 ,20
201,0x8C314e66080A69FAb03ac32bA459FC55140Ef2aE ,20
202,0xD4de8Cc287C968E62d7284C9C6E7b3d8db499339 ,20
203,0x497eB9a722677F4F6C912Ba6388DDE66dB99fdEc ,20
204,0x550FC40BB421A21817a4B381CD4F767BaBCEbF9D ,20
205,0xb295CBC60C2159a61F92bC912Ba6607d5C60a9a8 ,20
206,0x53c70ab22d491f982B10Ecfad3DCbD09878196Ec ,20
207,0x61a6d65c9c74Aa81aC0cFb4006D9513B26B0F46d ,20
208,0xdD5B6CB9f9F5Cca54BEE32397313c813211Aaeb6 ,20
209,0x7e765D6F2C9E6F21EdEe68f28533E6eBa9369D2c ,20
210,0x0668cBa507ECd5Ef2eaeF815Da7B520f92b8805F ,19
211,0x235A2eE00c577c3183A0a13822a6AE082430bf32 ,19
212,0x6C47cFbb4b23e8CA499D420b5c62bB6D0b77EDC2 ,19
213,0xd6142f7a5151efb70380aC3a76c3156FCC288662 ,19
214,0x4dc04b23c273f060B780F4CcB7D8CECAF9E84852 ,19
215,0xaca1F75bD665fFF152fC978D69c406CE44a80B21 ,19
216,0xeFa26C209A83a24D907E86eE81812f3Edfe6Ac7E ,19
217,0x9005e5b1B651d98d96A11A699c00480dA13E06CA ,18
218,0x3616B43618F720aEE72145C701fd479ED1FFCbd1 ,18
219,0x91731058Cbe19316DbC3c31b2d6EF8D180485c6d ,18
220,0xa7429a000D152D8e0a3f2B23Fbd215Cbd1101999 ,18
221,0x2c4B90F858BD8219226eb44eB32e8e050218be60 ,18
222,0xB72094E185B350Be481658fB5cDfebEd2cedf732 ,18
223,0xEdDFb45e6cD19F1eE5A12E552E439F8cdecAA7d4 ,18
224,0xC95243FE8DD595a111AEa1c1e07C6D7f5AC44Ce4 ,18
225,0x46416D0197e95b3b0F9b85a655134971C6eE3e70 ,18
226,0x229701a2D685EC281716A0576aE0a1b49F094321 ,18
227,0xe0BC56c9A8c99163551c5892Fc91A550E8C137d4 ,18
228,0xA092bFb6Eca7de8A17C8A043Eba1A585866ad7c2 ,18
229,0xEE07b6e57f6962d67d9337D8Fc316923f274B201 ,18
230,0x3c3B2c8E062f4Fe3404C1dcaF6538dA56527099b ,18
231,0x633F5906BaD583ceEF57a0d69f5a8B1d1150f2b1 ,18
232,0xa4FBaBbd50Eab2bB857ac3f3a0c053D4459ad998 ,18
233,0x161CA16Da69DF2eDeFfBAdf97d8D71f8856D37f4 ,18
234,0x06d32E67E9eaa80969bC16C5F7f88010320C6CaE ,17
235,0x605A546beAEac94fcee6818fa120E65Ee3738C38 ,17
236,0x331126f6FadA722e1ef411Dd18D84591dDcce447 ,17
237,0xED048a52df47f3A1d1d0f4A04De8008d84BAaf36 ,17
238,0x78EB6df67c94652ce4023e4095eEC06e0ebC272F ,17
239,0x1677e322390a2EB47Af221bE69D25C1F50F3356f ,17
240,0xa2e1b7171199c4dd6E0573d020ccd08eCE573c6b ,17
241,0x1314D623771a81bd836e1F53F0Ab3D2Fb5a7ECC2 ,17
242,0x4808f5a72b07E618B0324C7f293797437fB67afc ,17
243,0x8ca8B1a84ad6e389D0daF8Fdb6C4b5c7356611b9 ,17
244,0x7FD2582A0Fa99390f52c4E8F9992f1f936d8A4E6 ,17
245,0xf7E7eEF56cE6601d1597309698110821084C5eF3 ,16
246,0x4BB3731f4Ee563978B81dcCEE2F777F38722671a ,16
247,0xDF87c395fB0De7c511eEaEDCED1C0FBe15eC58C6 ,16
248,0x7C7287086b5bA525fb76b6f9c58d2c665fb10881 ,16
249,0x2e818AF101c11E94498785Bc9A4bA1E39dFDd8cB ,16
250,0x7C4e477E6953865e3f1FEe14f6744DcE25b23Fd7 ,15
251,0x2b919aaA6187Fa7D192676D0A09B6006d8054597 ,15
252,0x1e0578e7DdE209a58f6A4d1E88fdFf7d8A84Ae94 ,15
253,0x6d2a4C7398e2482A7AB671Fc013E303637191D52 ,15
254,0x69Fa4623078531f2675Cf9dC815E47ecf5994F6A ,15
255,0xF5B4e88Bc3701FEaf6cb92a942d4AE0D5BD0d82d ,15
256,0xFaF5abAA4d25a9c2Ce1655E997Ac8BD3A2a28a19 ,15
257,0xd81D7DBF6847b5729dd9643B26afF1A52A80a845 ,15
258,0xF4f2942928a8509056faF094D07391f8e7F0E5Bb ,15
259,0x583A3c3676D230f4886ED3A4102A9f5a15D661c2 ,15
260,0x7d67564D2f77E7aE27d4ad7e6cBA1dad5Eae8685 ,15
261,0xc36cbDf4b91EFAc6EAdf0F5972CD8a9d071E2CB0 ,15
262,0x3B39Bb9A1A5583A09665f55107aB7041b942a282 ,15
263,0x75B9Ff035950383038825036CFa7562515c36988 ,15
264,0x810c2F642f4894a31823e5bB23880C09666C9803 ,15
265,0xe68Eb8B1541287d028D50A390F9c53595CdB6cC7 ,15
266,0xe7E768EBd4298668CFd1Baa130FfaB733C1432e6 ,14
267,0xb72074c838e1362074DD477cE6620b06ea6F41Bf ,14
268,0xf6D0b4927ABe28e5156df0ABbE62DFd02A61452d ,14
269,0xe462dC28B463f13eE84B31074527592dD1E1b2Cd ,14
270,0x6cbb4c38383D7a94A4A717B02FC0140DE33081eE ,14
271,0x04A9af134a84F4F26d83936090724f0389b1e0D6 ,14
272,0x78360541A0785F0075b9E1E4BCc9FB68F5E5A502 ,14
273,0x1D0c5F56dFb02655f23192f2F552d202C766D22a ,14
274,0x4Ad10ebc560aF654FBC353d2DA80edd0263105A4 ,14